"make","model","condition","grade","capacity","colour","network","count"
"ZAGG","IFROGZ AUDIO FREEREIN REFLECT","Brand New","Brand New","Not Applicable","Black","Not Applicable",1
"ZAGG","INVISIBLE SHIELD GLASS LUXE SCREEN PROTECTOR FOR IPHONE 6/6S","Brand New","Insurance Grade","Not Applicable","Clear","Not Applicable",2
"ZAGG","INVISIBLE SHIELD GLASS LUXE SCREEN PROTECTOR FOR IPHONE 6/6S","Brand New","Brand New","Not Applicable","ROSE GOLD","Not Applicable",3
"ZAGG","INVISIBLE SHIELD GLASS LUXE SCREEN PROTECTOR FOR IPHONE 6/6S","Brand New","Brand New","Not Applicable","ROSE GOLD","Not Applicable",4
"ZAGG","INVISIBLE SHIELD GLASS LUXE SCREEN PROTECTOR FOR IPHONE 6/6S","Brand New","Brand New","Not Applicable","Silver","Not Applicable",5
"ZAGG","INVISIBLE SHIELD GLASS LUXE SCREEN PROTECTOR FOR IPHONE 6/6S","Working","Insurance Grade","Not Applicable","Silver","Not Applicable",6
"ZAGG","INVISIBLE SHIELD GLASS LUXE SCREEN PROTECTOR FOR IPHONE 6/6S","Working","Insurance Grade","Not Applicable","ROSE GOLD","Not Applicable",7
"ZAGG","INVISIBLE SHIELD GLASS LUXE SCREEN PROTECTOR FOR IPHONE 6/6S","Working","Insurance Grade","Not Applicable","Gold","Not Applicable",8
"ZAGG","INVISIBLE SHIELD GLASS LUXE SCREEN PROTECTOR FOR IPHONE 6/6S","Working","Insurance Grade","Not Applicable","Silver","Not Applicable",9
"ZAGG","INVISIBLE SHIELD GLASS LUXE SCREEN PROTECTOR FOR IPHONE 6/6S","Brand New","Insurance Grade","Not Applicable","Gold","Not Applicable",10
"ZAGG","INVISIBLE SHIELD GLASS LUXE SCREEN PROTECTOR FOR IPHONE 6/6S","Brand New","Insurance Grade","Not Applicable","Gold","Not Applicable",11
"ZAGG","INVISIBLE SHIELD GLASS LUXE SCREEN PROTECTOR FOR IPHONE 6/6S","Brand New","Insurance Grade","Not Applicable","Gold","Not Applicable",12
"ZAGG","INVISIBLE SHIELD GLASS LUXE SCREEN PROTECTOR FOR IPHONE 6/6S","Brand New","Insurance Grade","Not Applicable","Gold","Not Applicable",13
"ZAGG","INVISIBLE SHIELD GLASS LUXE SCREEN PROTECTOR FOR IPHONE 6/6S","Brand New","Insurance Grade","Not Applicable","Gold","Not Applicable",14
"ZAGG","INVISIBLE SHIELD GLASS LUXE SCREEN PROTECTOR FOR IPHONE 6/6S","Brand New","Insurance Grade","Not Applicable","Gold","Not Applicable",15
"ZAGG","INVISIBLE SHIELD GLASS LUXE SCREEN PROTECTOR FOR IPHONE 6/6S","Brand New","Insurance Grade","Not Applicable","Gold","Not Applicable",16
"ZAGG","INVISIBLE SHIELD GLASS LUXE SCREEN PROTECTOR FOR IPHONE 6/6S","Brand New","Insurance Grade","Not Applicable","Gold","Not Applicable",17
"ZAGG","INVISIBLE SHIELD GLASS LUXE SCREEN PROTECTOR FOR IPHONE 6/6S","Brand New","Insurance Grade","Not Applicable","Gold","Not Applicable",18
"ZAGG","INVISIBLE SHIELD GLASS LUXE SCREEN PROTECTOR FOR IPHONE 6/6S","Brand New","Insurance Grade","Not Applicable","Gold","Not Applicable",19
"ZAGG","INVISIBLE SHIELD GLASS LUXE SCREEN PROTECTOR FOR IPHONE 6/6S","Brand New","Insurance Grade","Not Applicable","Gold","Not Applicable",20
"ZAGG","INVISIBLE SHIELD GLASS LUXE SCREEN PROTECTOR FOR IPHONE 6/6S","Brand New","Insurance Grade","Not Applicable","Gold","Not Applicable",21
"ZAGG","INVISIBLE SHIELD GLASS LUXE SCREEN PROTECTOR FOR IPHONE 6/6S","Brand New","Insurance Grade","Not Applicable","Gold","Not Applicable",22
"ZAGG","INVISIBLE SHIELD GLASS LUXE SCREEN PROTECTOR FOR IPHONE 6/6S","Brand New","Insurance Grade","Not Applicable","Gold","Not Applicable",23
"ZAGG","INVISIBLE SHIELD GLASS LUXE SCREEN PROTECTOR FOR IPHONE 6/6S","Brand New","Insurance Grade","Not Applicable","Gold","Not Applicable",24
"ZAGG","INVISIBLE SHIELD GLASS LUXE SCREEN PROTECTOR FOR IPHONE 6/6S","Brand New","Insurance Grade","Not Applicable","Gold","Not Applicable",25
"ZAGG","INVISIBLE SHIELD GLASS LUXE SCREEN PROTECTOR FOR IPHONE 6/6S","Brand New","Insurance Grade","Not Applicable","Gold","Not Applicable",26
"ZAGG","INVISIBLE SHIELD GLASS LUXE SCREEN PROTECTOR FOR IPHONE 6/6S","Brand New","Insurance Grade","Not Applicable","Gold","Not Applicable",27
"ZAGG","INVISIBLE SHIELD GLASS LUXE SCREEN PROTECTOR FOR IPHONE 6/6S","Brand New","Insurance Grade","Not Applicable","Gold","Not Applicable",28
"ZAGG","INVISIBLE SHIELD GLASS LUXE SCREEN PROTECTOR FOR IPHONE 6/6S","Brand New","Insurance Grade","Not Applicable","Gold","Not Applicable",29
"ZAGG","INVISIBLE SHIELD GLASS LUXE SCREEN PROTECTOR FOR IPHONE 6/6S","Brand New","Insurance Grade","Not Applicable","Gold","Not Applicable",30
"ZAGG","INVISIBLE SHIELD GLASS LUXE SCREEN PROTECTOR FOR IPHONE 6/6S","Brand New","Insurance Grade","Not Applicable","Gold","Not Applicable",31
"ZAGG","INVISIBLE SHIELD GLASS LUXE SCREEN PROTECTOR FOR IPHONE 6/6S","Brand New","Insurance Grade","Not Applicable","Gold","Not Applicable",32
"ZAGG","INVISIBLE SHIELD GLASS LUXE SCREEN PROTECTOR FOR IPHONE 6/6S","Brand New","Insurance Grade","Not Applicable","Gold","Not Applicable",33
"ZAGG","INVISIBLE SHIELD GLASS LUXE SCREEN PROTECTOR FOR IPHONE 6/6S","Brand New","Insurance Grade","Not Applicable","Gold","Not Applicable",34
"ZAGG","INVISIBLE SHIELD GLASS LUXE SCREEN PROTECTOR FOR IPHONE 6/6S","Brand New","Insurance Grade","Not Applicable","Gold","Not Applicable",35
"ZAGG","INVISIBLE SHIELD GLASS LUXE SCREEN PROTECTOR FOR IPHONE 6/6S","Brand New","Insurance Grade","Not Applicable","Gold","Not Applicable",36
"ZAGG","INVISIBLE SHIELD GLASS LUXE SCREEN PROTECTOR FOR IPHONE 6/6S","Brand New","Insurance Grade","Not Applicable","Gold","Not Applicable",37
"ZAGG","INVISIBLE SHIELD GLASS LUXE SCREEN PROTECTOR FOR IPHONE 6/6S","Brand New","Insurance Grade","Not Applicable","Gold","Not Applicable",38
"ZAGG","INVISIBLE SHIELD GLASS LUXE SCREEN PROTECTOR FOR IPHONE 6/6S","Brand New","Insurance Grade","Not Applicable","Gold","Not Applicable",39
"ZAGG","INVISIBLE SHIELD GLASS LUXE SCREEN PROTECTOR FOR IPHONE 6/6S","Brand New","Insurance Grade","Not Applicable","Gold","Not Applicable",40
"ZAGG","INVISIBLE SHIELD GLASS LUXE SCREEN PROTECTOR FOR IPHONE 6/6S","Brand New","Insurance Grade","Not Applicable","Gold","Not Applicable",41
"ZAGG","INVISIBLE SHIELD GLASS LUXE SCREEN PROTECTOR FOR IPHONE 6/6S","Brand New","Insurance Grade","Not Applicable","Gold","Not Applicable",42
"ZAGG","INVISIBLE SHIELD GLASS LUXE SCREEN PROTECTOR FOR IPHONE 6/6S","Brand New","Insurance Grade","Not Applicable","Gold","Not Applicable",43
"ZAGG","INVISIBLE SHIELD GLASS LUXE SCREEN PROTECTOR FOR IPHONE 6/6S","Brand New","Insurance Grade","Not Applicable","Gold","Not Applicable",44
"ZAGG","INVISIBLE SHIELD GLASS LUXE SCREEN PROTECTOR FOR IPHONE 6/6S","Brand New","Insurance Grade","Not Applicable","Gold","Not Applicable",45
"ZAGG","INVISIBLE SHIELD GLASS LUXE SCREEN PROTECTOR FOR IPHONE 6/6S","Brand New","Insurance Grade","Not Applicable","Gold","Not Applicable",46
"ZAGG","INVISIBLE SHIELD GLASS LUXE SCREEN PROTECTOR FOR IPHONE 6/6S","Brand New","Insurance Grade","Not Applicable","Gold","Not Applicable",47
"ZAGG","INVISIBLE SHIELD GLASS LUXE SCREEN PROTECTOR FOR IPHONE 6/6S","Brand New","Insurance Grade","Not Applicable","Gold","Not Applicable",48
"ZAGG","INVISIBLE SHIELD GLASS LUXE SCREEN PROTECTOR FOR IPHONE 6/6S","Brand New","Insurance Grade","Not Applicable","Gold","Not Applicable",49
"ZAGG","INVISIBLE SHIELD GLASS LUXE SCREEN PROTECTOR FOR IPHONE 6/6S","Brand New","Insurance Grade","Not Applicable","Gold","Not Applicable",50
"ZAGG","INVISIBLE SHIELD GLASS LUXE SCREEN PROTECTOR FOR IPHONE 6/6S","Brand New","Insurance Grade","Not Applicable","Gold","Not Applicable",51
"ZAGG","INVISIBLE SHIELD GLASS LUXE SCREEN PROTECTOR FOR IPHONE 6/6S","Brand New","Insurance Grade","Not Applicable","Gold","Not Applicable",52
"ZAGG","INVISIBLE SHIELD GLASS LUXE SCREEN PROTECTOR FOR IPHONE 6/6S","Brand New","Insurance Grade","Not Applicable","Gold","Not Applicable",53
"ZAGG","INVISIBLE SHIELD GLASS LUXE SCREEN PROTECTOR FOR IPHONE 6/6S","Brand New","Insurance Grade","Not Applicable","Gold","Not Applicable",54
"ZAGG","INVISIBLE SHIELD GLASS LUXE SCREEN PROTECTOR FOR IPHONE 6/6S","Brand New","Insurance Grade","Not Applicable","Gold","Not Applicable",55
"ZAGG","INVISIBLE SHIELD GLASS LUXE SCREEN PROTECTOR FOR IPHONE 6/6S","Brand New","Insurance Grade","Not Applicable","Gold","Not Applicable",56
"ZAGG","INVISIBLE SHIELD GLASS LUXE SCREEN PROTECTOR FOR IPHONE 6/6S","Brand New","Insurance Grade","Not Applicable","Gold","Not Applicable",57
"ZAGG","INVISIBLE SHIELD GLASS LUXE SCREEN PROTECTOR FOR IPHONE 6/6S","Brand New","Insurance Grade","Not Applicable","Gold","Not Applicable",58
"ZAGG","INVISIBLE SHIELD GLASS LUXE SCREEN PROTECTOR FOR IPHONE 6/6S","Brand New","Insurance Grade","Not Applicable","Gold","Not Applicable",59
"ZAGG","INVISIBLE SHIELD GLASS LUXE SCREEN PROTECTOR FOR IPHONE 6/6S","Brand New","Insurance Grade","Not Applicable","Gold","Not Applicable",60
"ZAGG","INVISIBLE SHIELD GLASS LUXE SCREEN PROTECTOR FOR IPHONE 6/6S","Brand New","Insurance Grade","Not Applicable","ROSE GOLD","Not Applicable",61
"ZAGG","INVISIBLE SHIELD GLASS LUXE SCREEN PROTECTOR FOR IPHONE 6/6S","Brand New","Insurance Grade","Not Applicable","ROSE GOLD","Not Applicable",62
"ZAGG","INVISIBLE SHIELD GLASS LUXE SCREEN PROTECTOR FOR IPHONE 6/6S","Brand New","Insurance Grade","Not Applicable","ROSE GOLD","Not Applicable",63
"ZAGG","INVISIBLE SHIELD GLASS LUXE SCREEN PROTECTOR FOR IPHONE 6/6S","Brand New","Insurance Grade","Not Applicable","ROSE GOLD","Not Applicable",64
"ZAGG","INVISIBLE SHIELD GLASS LUXE SCREEN PROTECTOR FOR IPHONE 6/6S","Brand New","Insurance Grade","Not Applicable","ROSE GOLD","Not Applicable",65
"ZAGG","INVISIBLE SHIELD GLASS LUXE SCREEN PROTECTOR FOR IPHONE 6/6S","Brand New","Insurance Grade","Not Applicable","ROSE GOLD","Not Applicable",66
"ZAGG","INVISIBLE SHIELD GLASS LUXE SCREEN PROTECTOR FOR IPHONE 6/6S","Brand New","Insurance Grade","Not Applicable","ROSE GOLD","Not Applicable",67
"ZAGG","INVISIBLE SHIELD GLASS LUXE SCREEN PROTECTOR FOR IPHONE 6/6S","Brand New","Insurance Grade","Not Applicable","ROSE GOLD","Not Applicable",68
"ZAGG","INVISIBLE SHIELD GLASS LUXE SCREEN PROTECTOR FOR IPHONE 6/6S","Brand New","Insurance Grade","Not Applicable","ROSE GOLD","Not Applicable",69
"ZAGG","INVISIBLE SHIELD GLASS LUXE SCREEN PROTECTOR FOR IPHONE 6/6S","Brand New","Insurance Grade","Not Applicable","ROSE GOLD","Not Applicable",70
"ZAGG","INVISIBLE SHIELD GLASS LUXE SCREEN PROTECTOR FOR IPHONE 6/6S","Brand New","Insurance Grade","Not Applicable","ROSE GOLD","Not Applicable",71
"ZAGG","INVISIBLE SHIELD GLASS LUXE SCREEN PROTECTOR FOR IPHONE 6/6S","Brand New","Insurance Grade","Not Applicable","ROSE GOLD","Not Applicable",72
"ZAGG","INVISIBLE SHIELD GLASS LUXE SCREEN PROTECTOR FOR IPHONE 6/6S","Brand New","Insurance Grade","Not Applicable","ROSE GOLD","Not Applicable",73
"ZAGG","INVISIBLE SHIELD GLASS LUXE SCREEN PROTECTOR FOR IPHONE 6/6S","Brand New","Insurance Grade","Not Applicable","ROSE GOLD","Not Applicable",74
"ZAGG","INVISIBLE SHIELD GLASS LUXE SCREEN PROTECTOR FOR IPHONE 6/6S","Brand New","Insurance Grade","Not Applicable","ROSE GOLD","Not Applicable",75
"ZAGG","INVISIBLE SHIELD GLASS LUXE SCREEN PROTECTOR FOR IPHONE 6/6S","Brand New","Insurance Grade","Not Applicable","ROSE GOLD","Not Applicable",76
"ZAGG","INVISIBLE SHIELD GLASS LUXE SCREEN PROTECTOR FOR IPHONE 6/6S","Brand New","Insurance Grade","Not Applicable","ROSE GOLD","Not Applicable",77
"ZAGG","INVISIBLE SHIELD GLASS LUXE SCREEN PROTECTOR FOR IPHONE 6/6S","Brand New","Insurance Grade","Not Applicable","ROSE GOLD","Not Applicable",78
"ZAGG","INVISIBLE SHIELD GLASS LUXE SCREEN PROTECTOR FOR IPHONE 6/6S","Brand New","Insurance Grade","Not Applicable","ROSE GOLD","Not Applicable",79
"ZAGG","INVISIBLE SHIELD GLASS LUXE SCREEN PROTECTOR FOR IPHONE 6/6S","Brand New","Insurance Grade","Not Applicable","ROSE GOLD","Not Applicable",80
"ZAGG","INVISIBLE SHIELD GLASS LUXE SCREEN PROTECTOR FOR IPHONE 6/6S","Brand New","Insurance Grade","Not Applicable","ROSE GOLD","Not Applicable",81
"ZAGG","INVISIBLE SHIELD GLASS LUXE SCREEN PROTECTOR FOR IPHONE 6/6S","Brand New","Insurance Grade","Not Applicable","ROSE GOLD","Not Applicable",82
"ZAGG","INVISIBLE SHIELD GLASS LUXE SCREEN PROTECTOR FOR IPHONE 6/6S","Brand New","Insurance Grade","Not Applicable","ROSE GOLD","Not Applicable",83
"ZAGG","INVISIBLE SHIELD GLASS LUXE SCREEN PROTECTOR FOR IPHONE 6/6S","Brand New","Insurance Grade","Not Applicable","ROSE GOLD","Not Applicable",84
"ZAGG","INVISIBLE SHIELD GLASS LUXE SCREEN PROTECTOR FOR IPHONE 6/6S","Brand New","Insurance Grade","Not Applicable","ROSE GOLD","Not Applicable",85
"ZAGG","INVISIBLE SHIELD GLASS LUXE SCREEN PROTECTOR FOR IPHONE 6/6S","Brand New","Insurance Grade","Not Applicable","ROSE GOLD","Not Applicable",86
"ZAGG","INVISIBLE SHIELD GLASS LUXE SCREEN PROTECTOR FOR IPHONE 6/6S","Brand New","Insurance Grade","Not Applicable","ROSE GOLD","Not Applicable",87
"ZAGG","INVISIBLE SHIELD GLASS LUXE SCREEN PROTECTOR FOR IPHONE 6/6S","Brand New","Insurance Grade","Not Applicable","ROSE GOLD","Not Applicable",88
"ZAGG","INVISIBLE SHIELD GLASS LUXE SCREEN PROTECTOR FOR IPHONE 6/6S","Brand New","Insurance Grade","Not Applicable","ROSE GOLD","Not Applicable",89
"ZAGG","INVISIBLE SHIELD GLASS LUXE SCREEN PROTECTOR FOR IPHONE 6/6S","Brand New","Insurance Grade","Not Applicable","ROSE GOLD","Not Applicable",90
"ZAGG","INVISIBLE SHIELD GLASS LUXE SCREEN PROTECTOR FOR IPHONE 6/6S","Brand New","Insurance Grade","Not Applicable","ROSE GOLD","Not Applicable",91
"ZAGG","INVISIBLE SHIELD GLASS LUXE SCREEN PROTECTOR FOR IPHONE 6/6S","Brand New","Insurance Grade","Not Applicable","ROSE GOLD","Not Applicable",92
"ZAGG","INVISIBLE SHIELD GLASS LUXE SCREEN PROTECTOR FOR IPHONE 6/6S","Brand New","Insurance Grade","Not Applicable","ROSE GOLD","Not Applicable",93
"ZAGG","INVISIBLE SHIELD GLASS LUXE SCREEN PROTECTOR FOR IPHONE 6/6S","Brand New","Insurance Grade","Not Applicable","ROSE GOLD","Not Applicable",94
"ZAGG","INVISIBLE SHIELD GLASS LUXE SCREEN PROTECTOR FOR IPHONE 6/6S","Brand New","Insurance Grade","Not Applicable","ROSE GOLD","Not Applicable",95
"ZAGG","INVISIBLE SHIELD GLASS LUXE SCREEN PROTECTOR FOR IPHONE 6/6S","Brand New","Insurance Grade","Not Applicable","ROSE GOLD","Not Applicable",96
"ZAGG","INVISIBLE SHIELD GLASS LUXE SCREEN PROTECTOR FOR IPHONE 6/6S","Brand New","Insurance Grade","Not Applicable","ROSE GOLD","Not Applicable",97
"ZAGG","INVISIBLE SHIELD GLASS LUXE SCREEN PROTECTOR FOR IPHONE 6/6S","Brand New","Insurance Grade","Not Applicable","Metallic Grey","Not Applicable",98
"ZAGG","INVISIBLE SHIELD GLASS LUXE SCREEN PROTECTOR FOR IPHONE 6/6S","Brand New","Insurance Grade","Not Applicable","Metallic Grey","Not Applicable",99
"ZAGG","INVISIBLE SHIELD GLASS LUXE SCREEN PROTECTOR FOR IPHONE 6/6S","Brand New","Insurance Grade","Not Applicable","Metallic Grey","Not Applicable",100
"ZAGG","INVISIBLE SHIELD GLASS LUXE SCREEN PROTECTOR FOR IPHONE 6/6S","Brand New","Insurance Grade","Not Applicable","Metallic Grey","Not Applicable",101
"ZAGG","INVISIBLE SHIELD GLASS LUXE SCREEN PROTECTOR FOR IPHONE 6/6S","Brand New","Insurance Grade","Not Applicable","Metallic Grey","Not Applicable",102
"ZAGG","INVISIBLE SHIELD GLASS LUXE SCREEN PROTECTOR FOR IPHONE 6/6S","Brand New","Insurance Grade","Not Applicable","Metallic Grey","Not Applicable",103
"ZAGG","INVISIBLE SHIELD GLASS LUXE SCREEN PROTECTOR FOR IPHONE 6/6S","Brand New","Insurance Grade","Not Applicable","Metallic Grey","Not Applicable",104
"ZAGG","INVISIBLE SHIELD GLASS LUXE SCREEN PROTECTOR FOR IPHONE 6/6S","Brand New","Insurance Grade","Not Applicable","Metallic Grey","Not Applicable",105
"ZAGG","INVISIBLE SHIELD GLASS LUXE SCREEN PROTECTOR FOR IPHONE 6/6S","Brand New","Insurance Grade","Not Applicable","Metallic Grey","Not Applicable",106
"ZAGG","INVISIBLE SHIELD GLASS LUXE SCREEN PROTECTOR FOR IPHONE 6/6S","Brand New","Insurance Grade","Not Applicable","Metallic Grey","Not Applicable",107
"ZAGG","INVISIBLE SHIELD GLASS LUXE SCREEN PROTECTOR FOR IPHONE 6/6S","Brand New","Insurance Grade","Not Applicable","Metallic Grey","Not Applicable",108
"ZAGG","INVISIBLE SHIELD GLASS LUXE SCREEN PROTECTOR FOR IPHONE 6/6S","Brand New","Insurance Grade","Not Applicable","Metallic Grey","Not Applicable",109
"ZAGG","INVISIBLE SHIELD GLASS LUXE SCREEN PROTECTOR FOR IPHONE 6/6S","Brand New","Insurance Grade","Not Applicable","Metallic Grey","Not Applicable",110
"ZAGG","INVISIBLE SHIELD GLASS LUXE SCREEN PROTECTOR FOR IPHONE 6/6S","Brand New","Insurance Grade","Not Applicable","Metallic Grey","Not Applicable",111
"ZAGG","INVISIBLE SHIELD GLASS LUXE SCREEN PROTECTOR FOR IPHONE 6/6S","Brand New","Insurance Grade","Not Applicable","Metallic Grey","Not Applicable",112
"ZAGG","INVISIBLE SHIELD GLASS LUXE SCREEN PROTECTOR FOR IPHONE 6/6S","Brand New","Insurance Grade","Not Applicable","Metallic Grey","Not Applicable",113
"ZAGG","INVISIBLE SHIELD GLASS LUXE SCREEN PROTECTOR FOR IPHONE 6/6S","Brand New","Insurance Grade","Not Applicable","Metallic Grey","Not Applicable",114
"ZAGG","INVISIBLE SHIELD GLASS LUXE SCREEN PROTECTOR FOR IPHONE 6/6S","Brand New","Insurance Grade","Not Applicable","Metallic Grey","Not Applicable",115
"ZAGG","INVISIBLE SHIELD GLASS LUXE SCREEN PROTECTOR FOR IPHONE 6/6S","Brand New","Insurance Grade","Not Applicable","Metallic Grey","Not Applicable",116
"ZAGG","INVISIBLE SHIELD GLASS LUXE SCREEN PROTECTOR FOR IPHONE 6/6S","Brand New","Insurance Grade","Not Applicable","Metallic Grey","Not Applicable",117
"ZAGG","INVISIBLE SHIELD GLASS LUXE SCREEN PROTECTOR FOR IPHONE 6/6S","Brand New","Insurance Grade","Not Applicable","Metallic Grey","Not Applicable",118
"ZAGG","INVISIBLE SHIELD GLASS LUXE SCREEN PROTECTOR FOR IPHONE 6/6S","Brand New","Insurance Grade","Not Applicable","Metallic Grey","Not Applicable",119
"ZAGG","INVISIBLE SHIELD GLASS LUXE SCREEN PROTECTOR FOR IPHONE 6/6S","Brand New","Insurance Grade","Not Applicable","Metallic Grey","Not Applicable",120
"ZAGG","INVISIBLE SHIELD GLASS LUXE SCREEN PROTECTOR FOR IPHONE 6/6S","Brand New","Insurance Grade","Not Applicable","Metallic Grey","Not Applicable",121
"ZAGG","INVISIBLE SHIELD GLASS LUXE SCREEN PROTECTOR FOR IPHONE 6/6S","Brand New","Insurance Grade","Not Applicable","Metallic Grey","Not Applicable",122
"ZAGG","INVISIBLE SHIELD GLASS LUXE SCREEN PROTECTOR FOR IPHONE 6/6S","Brand New","Insurance Grade","Not Applicable","Metallic Grey","Not Applicable",123
"ZAGG","INVISIBLE SHIELD GLASS LUXE SCREEN PROTECTOR FOR IPHONE 6/6S","Brand New","Insurance Grade","Not Applicable","Metallic Grey","Not Applicable",124
"ZAGG","INVISIBLE SHIELD GLASS LUXE SCREEN PROTECTOR FOR IPHONE 6/6S","Brand New","Insurance Grade","Not Applicable","Metallic Grey","Not Applicable",125
"ZAGG","INVISIBLE SHIELD GLASS LUXE SCREEN PROTECTOR FOR IPHONE 6/6S","Brand New","Insurance Grade","Not Applicable","Metallic Grey","Not Applicable",126
"ZAGG","INVISIBLE SHIELD GLASS LUXE SCREEN PROTECTOR FOR IPHONE 6/6S","Brand New","Insurance Grade","Not Applicable","Metallic Grey","Not Applicable",127
"ZAGG","INVISIBLE SHIELD GLASS LUXE SCREEN PROTECTOR FOR IPHONE 6/6S","Brand New","Insurance Grade","Not Applicable","Metallic Grey","Not Applicable",128
"ZAGG","INVISIBLE SHIELD GLASS LUXE SCREEN PROTECTOR FOR IPHONE 6/6S","Brand New","Insurance Grade","Not Applicable","Metallic Grey","Not Applicable",129
"ZAGG","INVISIBLE SHIELD GLASS LUXE SCREEN PROTECTOR FOR IPHONE 6/6S","Brand New","Insurance Grade","Not Applicable","Metallic Grey","Not Applicable",130
"ZAGG","INVISIBLE SHIELD GLASS LUXE SCREEN PROTECTOR FOR IPHONE 6/6S","Brand New","Insurance Grade","Not Applicable","Metallic Grey","Not Applicable",131
"ZAGG","INVISIBLE SHIELD GLASS LUXE SCREEN PROTECTOR FOR IPHONE 6/6S","Brand New","Insurance Grade","Not Applicable","Metallic Grey","Not Applicable",132
"ZAGG","INVISIBLE SHIELD GLASS LUXE SCREEN PROTECTOR FOR IPHONE 6/6S","Brand New","Insurance Grade","Not Applicable","Metallic Grey","Not Applicable",133
"ZAGG","INVISIBLE SHIELD GLASS LUXE SCREEN PROTECTOR FOR IPHONE 6/6S","Brand New","Insurance Grade","Not Applicable","Metallic Grey","Not Applicable",134
"ZAGG","INVISIBLE SHIELD GLASS LUXE SCREEN PROTECTOR FOR IPHONE 6/6S","Brand New","Insurance Grade","Not Applicable","Metallic Grey","Not Applicable",135
"ZAGG","INVISIBLE SHIELD GLASS LUXE SCREEN PROTECTOR FOR IPHONE 6/6S","Brand New","Insurance Grade","Not Applicable","Metallic Grey","Not Applicable",136
"ZAGG","INVISIBLE SHIELD GLASS LUXE SCREEN PROTECTOR FOR IPHONE 6/6S","Brand New","Insurance Grade","Not Applicable","Gold","Not Applicable",137
"ZAGG","INVISIBLE SHIELD GLASS LUXE SCREEN PROTECTOR FOR IPHONE 6/6S","Brand New","Insurance Grade","Not Applicable","Gold","Not Applicable",138
"ZAGG","INVISIBLE SHIELD GLASS LUXE SCREEN PROTECTOR FOR IPHONE 6/6S","Brand New","Insurance Grade","Not Applicable","Gold","Not Applicable",139
"ZAGG","INVISIBLE SHIELD GLASS LUXE SCREEN PROTECTOR FOR IPHONE 6/6S","Brand New","Insurance Grade","Not Applicable","Gold","Not Applicable",140
"ZAGG","INVISIBLE SHIELD GLASS LUXE SCREEN PROTECTOR FOR IPHONE 6/6S","Brand New","Insurance Grade","Not Applicable","Gold","Not Applicable",141
"ZAGG","INVISIBLE SHIELD GLASS LUXE SCREEN PROTECTOR FOR IPHONE 6/6S","Brand New","Insurance Grade","Not Applicable","Gold","Not Applicable",142
"ZAGG","INVISIBLE SHIELD GLASS LUXE SCREEN PROTECTOR FOR IPHONE 6/6S","Brand New","Insurance Grade","Not Applicable","Gold","Not Applicable",143
"ZAGG","INVISIBLE SHIELD GLASS LUXE SCREEN PROTECTOR FOR IPHONE 6/6S","Brand New","Insurance Grade","Not Applicable","Gold","Not Applicable",144
"ZAGG","INVISIBLE SHIELD GLASS LUXE SCREEN PROTECTOR FOR IPHONE 6/6S","Brand New","Insurance Grade","Not Applicable","Gold","Not Applicable",145
"ZAGG","INVISIBLE SHIELD GLASS LUXE SCREEN PROTECTOR FOR IPHONE 6/6S","Brand New","Insurance Grade","Not Applicable","Gold","Not Applicable",146
"ZAGG","INVISIBLE SHIELD GLASS LUXE SCREEN PROTECTOR FOR IPHONE 6/6S","Brand New","Insurance Grade","Not Applicable","Gold","Not Applicable",147
"ZAGG","INVISIBLE SHIELD GLASS LUXE SCREEN PROTECTOR FOR IPHONE 6/6S","Brand New","Insurance Grade","Not Applicable","Metallic Grey","Not Applicable",148
"ZAGG","INVISIBLE SHIELD GLASS LUXE SCREEN PROTECTOR FOR IPHONE 6/6S","Brand New","Insurance Grade","Not Applicable","Metallic Grey","Not Applicable",149
"ZAGG","INVISIBLE SHIELD GLASS LUXE SCREEN PROTECTOR FOR IPHONE 6/6S","Brand New","Insurance Grade","Not Applicable","Metallic Grey","Not Applicable",150
"ZAGG","INVISIBLE SHIELD GLASS LUXE SCREEN PROTECTOR FOR IPHONE 6/6S","Brand New","Insurance Grade","Not Applicable","Metallic Grey","Not Applicable",151
"ZAGG","INVISIBLE SHIELD GLASS LUXE SCREEN PROTECTOR FOR IPHONE 6/6S","Brand New","Insurance Grade","Not Applicable","Metallic Grey","Not Applicable",152
"ZAGG","INVISIBLE SHIELD GLASS LUXE SCREEN PROTECTOR FOR IPHONE 6/6S","Brand New","Insurance Grade","Not Applicable","Metallic Grey","Not Applicable",153
"ZAGG","INVISIBLE SHIELD GLASS LUXE SCREEN PROTECTOR FOR IPHONE 6/6S","Brand New","Insurance Grade","Not Applicable","Metallic Grey","Not Applicable",154
"ZAGG","INVISIBLE SHIELD GLASS LUXE SCREEN PROTECTOR FOR IPHONE 6/6S","Brand New","Insurance Grade","Not Applicable","Metallic Grey","Not Applicable",155
"ZAGG","INVISIBLE SHIELD GLASS LUXE SCREEN PROTECTOR FOR IPHONE 6/6S","Brand New","Insurance Grade","Not Applicable","Metallic Grey","Not Applicable",156
"ZAGG","INVISIBLE SHIELD GLASS LUXE SCREEN PROTECTOR FOR IPHONE 6/6S","Brand New","Insurance Grade","Not Applicable","Metallic Grey","Not Applicable",157
"ZAGG","INVISIBLE SHIELD GLASS LUXE SCREEN PROTECTOR FOR IPHONE 6/6S","Brand New","Insurance Grade","Not Applicable","Metallic Grey","Not Applicable",158
"ZAGG","INVISIBLE SHIELD GLASS LUXE SCREEN PROTECTOR FOR IPHONE 6/6S","Brand New","Insurance Grade","Not Applicable","Metallic Grey","Not Applicable",159
"ZAGG","INVISIBLE SHIELD GLASS LUXE SCREEN PROTECTOR FOR IPHONE 6/6S","Brand New","Insurance Grade","Not Applicable","Metallic Grey","Not Applicable",160
"ZAGG","INVISIBLE SHIELD GLASS LUXE SCREEN PROTECTOR FOR IPHONE 6/6S","Brand New","Insurance Grade","Not Applicable","Metallic Grey","Not Applicable",161
"ZAGG","INVISIBLE SHIELD GLASS LUXE SCREEN PROTECTOR FOR IPHONE 6/6S","Brand New","Insurance Grade","Not Applicable","Metallic Grey","Not Applicable",162
"ZAGG","INVISIBLE SHIELD GLASS LUXE SCREEN PROTECTOR FOR IPHONE 6/6S","Brand New","Insurance Grade","Not Applicable","Metallic Grey","Not Applicable",163
"ZAGG","INVISIBLE SHIELD GLASS LUXE SCREEN PROTECTOR FOR IPHONE 6/6S","Brand New","Insurance Grade","Not Applicable","Metallic Grey","Not Applicable",164
"ZAGG","INVISIBLE SHIELD GLASS LUXE SCREEN PROTECTOR FOR IPHONE 6/6S","Brand New","Insurance Grade","Not Applicable","Metallic Grey","Not Applicable",165
"ZAGG","INVISIBLE SHIELD GLASS LUXE SCREEN PROTECTOR FOR IPHONE 6/6S","Brand New","Insurance Grade","Not Applicable","Metallic Grey","Not Applicable",166
"ZAGG","INVISIBLE SHIELD GLASS LUXE SCREEN PROTECTOR FOR IPHONE 6/6S","Brand New","Insurance Grade","Not Applicable","Metallic Grey","Not Applicable",167
"ZAGG","INVISIBLE SHIELD GLASS LUXE SCREEN PROTECTOR FOR IPHONE 6/6S","Brand New","Brand New","Not Applicable","Grey","Not Applicable",168
"ZAGG","INVISIBLE SHIELD GLASS LUXE SCREEN PROTECTOR FOR IPHONE 6/6S","Brand New","Brand New","Not Applicable","ROSE GOLD","Not Applicable",169
"ZAGG","INVISIBLE SHIELD GLASS LUXE SCREEN PROTECTOR FOR IPHONE 6/6S","Working","Insurance Grade","Not Applicable","ROSE GOLD","Not Applicable",170
"ZAGG","INVISIBLE SHIELD GLASS LUXE SCREEN PROTECTOR FOR IPHONE 6/6S","Working","Insurance Grade","Not Applicable","ROSE GOLD","Not Applicable",171
"ZAGG","INVISIBLE SHIELD GLASS LUXE SCREEN PROTECTOR FOR IPHONE 6/6S","Working","Insurance Grade","Not Applicable","Gold","Not Applicable",172
"ZAGG","INVISIBLE SHIELD GLASS LUXE SCREEN PROTECTOR FOR IPHONE 6/6S","Working","Insurance Grade","Not Applicable","Gold","Not Applicable",173
"ZAGG","INVISIBLE SHIELD GLASS LUXE SCREEN PROTECTOR FOR IPHONE 6/6S","Working","Insurance Grade","Not Applicable","Gold","Not Applicable",174
"ZAGG","INVISIBLE SHIELD GLASS LUXE SCREEN PROTECTOR FOR IPHONE 6/6S","Brand New","Brand New","Not Applicable","ROSE GOLD","Not Applicable",175
"ZAGG","INVISIBLE SHIELD GLASS LUXE SCREEN PROTECTOR FOR IPHONE 6/6S","Working","Insurance Grade","Not Applicable","ROSE GOLD","Not Applicable",176
"ZAGG","INVISIBLE SHIELD HD DRY SCREEN PROTECTOR FOR SAMSUNG A3","Working","Insurance Grade","Not Applicable","Clear","Not Applicable",177
"ZAGG","INVISIBLE SHIELD HD DRY SCREEN PROTECTOR FOR SAMSUNG A3","Working","Insurance Grade","Not Applicable","Clear","Not Applicable",178
"ZAGG","INVISIBLE SHIELD HD DRY SCREEN PROTECTOR FOR SAMSUNG A3","Brand New","Insurance Grade","Not Applicable","Clear","Not Applicable",179
"ZAGG","INVISIBLE SHIELD HD DRY SCREEN PROTECTOR FOR SAMSUNG A3","Brand New","Insurance Grade","Not Applicable","Clear","Not Applicable",180
"ZAGG","INVISIBLE SHIELD HD DRY SCREEN PROTECTOR FOR SAMSUNG A3","Brand New","Insurance Grade","Not Applicable","Clear","Not Applicable",181
"ZAGG","INVISIBLE SHIELD HD DRY SCREEN PROTECTOR FOR SAMSUNG A3","Brand New","Insurance Grade","Not Applicable","Clear","Not Applicable",182
"ZAGG","INVISIBLE SHIELD HD DRY SCREEN PROTECTOR FOR SAMSUNG A3","Brand New","Insurance Grade","Not Applicable","Clear","Not Applicable",183
"ZAGG","INVISIBLE SHIELD HD DRY SCREEN PROTECTOR FOR SAMSUNG A3","Brand New","Insurance Grade","Not Applicable","Clear","Not Applicable",184
"ZAGG","INVISIBLE SHIELD HD DRY SCREEN PROTECTOR FOR SAMSUNG A3","Brand New","Insurance Grade","Not Applicable","Clear","Not Applicable",185
"ZAGG","INVISIBLE SHIELD HD DRY SCREEN PROTECTOR FOR SAMSUNG A3","Brand New","Insurance Grade","Not Applicable","Clear","Not Applicable",186
"ZAGG","INVISIBLE SHIELD HD DRY SCREEN PROTECTOR FOR SAMSUNG A3","Brand New","Insurance Grade","Not Applicable","Clear","Not Applicable",187
"ZAGG","INVISIBLE SHIELD HD DRY SCREEN PROTECTOR FOR SAMSUNG A3","Brand New","Insurance Grade","Not Applicable","Clear","Not Applicable",188
"ZAGG","INVISIBLE SHIELD HD DRY SCREEN PROTECTOR FOR SAMSUNG A3","Brand New","Insurance Grade","Not Applicable","Clear","Not Applicable",189
"ZAGG","INVISIBLE SHIELD HD DRY SCREEN PROTECTOR FOR SAMSUNG A3","Brand New","Insurance Grade","Not Applicable","Clear","Not Applicable",190
"ZAGG","INVISIBLE SHIELD HD DRY SCREEN PROTECTOR FOR SAMSUNG A3","Brand New","Insurance Grade","Not Applicable","Clear","Not Applicable",191
"ZAGG","INVISIBLE SHIELD HD DRY SCREEN PROTECTOR FOR SAMSUNG A3","Brand New","Insurance Grade","Not Applicable","Clear","Not Applicable",192
"ZAGG","INVISIBLE SHIELD HD DRY SCREEN PROTECTOR FOR SAMSUNG A3","Brand New","Insurance Grade","Not Applicable","Clear","Not Applicable",193
"ZAGG","INVISIBLE SHIELD HD DRY SCREEN PROTECTOR FOR SAMSUNG A3","Brand New","Insurance Grade","Not Applicable","Clear","Not Applicable",194
"ZAGG","INVISIBLE SHIELD HD DRY SCREEN PROTECTOR FOR SAMSUNG A3","Brand New","Insurance Grade","Not Applicable","Clear","Not Applicable",195
"ZAGG","INVISIBLE SHIELD HD DRY SCREEN PROTECTOR FOR SAMSUNG A3","Brand New","Insurance Grade","Not Applicable","Clear","Not Applicable",196
"ZAGG","INVISIBLE SHIELD HD DRY SCREEN PROTECTOR FOR SAMSUNG A3","Working","Insurance Grade","Not Applicable","Clear","Not Applicable",197
"ZAGG","INVISIBLE SHIELD HD DRY SCREEN PROTECTOR FOR SAMSUNG A3","Working","Insurance Grade","Not Applicable","Clear","Not Applicable",198
"ZAGG","INVISIBLE SHIELD HD DRY SCREEN PROTECTOR FOR SAMSUNG A3","Working","Insurance Grade","Not Applicable","Clear","Not Applicable",199
"ZAGG","INVISIBLE SHIELD HD DRY SCREEN PROTECTOR FOR SAMSUNG A3","Brand New","Brand New","Not Applicable","Clear","Not Applicable",200
"ZAGG","INVISIBLE SHIELD HD DRY SCREEN PROTECTOR FOR SAMSUNG GALAXY S7 EDGE","Brand New","Insurance Grade","Not Applicable","Clear","Not Applicable",201
"ZAGG","INVISIBLE SHIELD HD DRY SCREEN PROTECTOR FOR SAMSUNG GALAXY S7 EDGE","Brand New","Brand New","Not Applicable","Clear","Not Applicable",202
"ZAGG","INVISIBLE SHIELD HD DRY SCREEN PROTECTOR FOR SAMSUNG GALAXY S7 EDGE","Brand New","Brand New","Not Applicable","Clear","Not Applicable",203
"ZAGG","INVISIBLE SHIELD HD DRY SCREEN PROTECTOR FOR SAMSUNG GALAXY S7 EDGE","Brand New","Brand New","Not Applicable","Clear","Not Applicable",204
"ZAGG","INVISIBLE SHIELD HD DRY SCREEN PROTECTOR FOR SAMSUNG GALAXY S7 EDGE","Brand New","Brand New","Not Applicable","Clear","Not Applicable",205
"ZAGG","INVISIBLE SHIELD HD DRY SCREEN PROTECTOR FOR SAMSUNG GALAXY S7 EDGE","Brand New","Brand New","Not Applicable","Clear","Not Applicable",206
"ZAGG","INVISIBLE SHIELD HD DRY SCREEN PROTECTOR FOR SAMSUNG GALAXY S7 EDGE","Brand New","Brand New","Not Applicable","Clear","Not Applicable",207
"ZAGG","INVISIBLE SHIELD HD DRY SCREEN PROTECTOR FOR SAMSUNG GALAXY S7 EDGE","Brand New","Insurance Grade","Not Applicable","Clear","Not Applicable",208
"ZAGG","INVISIBLE SHIELD HD DRY SCREEN PROTECTOR FOR SAMSUNG GALAXY S7 EDGE","Brand New","Insurance Grade","Not Applicable","Clear","Not Applicable",209
"ZAGG","INVISIBLE SHIELD HD DRY SCREEN PROTECTOR FOR SAMSUNG GALAXY S7 EDGE","Brand New","Insurance Grade","Not Applicable","Clear","Not Applicable",210
"ZAGG","INVISIBLE SHIELD HD DRY SCREEN PROTECTOR FOR SAMSUNG GALAXY S7 EDGE","Brand New","Insurance Grade","Not Applicable","Clear","Not Applicable",211
"ZAGG","INVISIBLE SHIELD HD DRY SCREEN PROTECTOR FOR SAMSUNG GALAXY S7 EDGE","Brand New","Insurance Grade","Not Applicable","Clear","Not Applicable",212
"ZAGG","INVISIBLE SHIELD HD DRY SCREEN PROTECTOR FOR SAMSUNG GALAXY S7 EDGE","Brand New","Insurance Grade","Not Applicable","Clear","Not Applicable",213
"ZAGG","INVISIBLE SHIELD HD DRY SCREEN PROTECTOR FOR SAMSUNG GALAXY S7 EDGE","Brand New","Insurance Grade","Not Applicable","Clear","Not Applicable",214
"ZAGG","INVISIBLE SHIELD HD DRY SCREEN PROTECTOR FOR SAMSUNG GALAXY S7 EDGE","Brand New","Insurance Grade","Not Applicable","Clear","Not Applicable",215
"ZAGG","INVISIBLE SHIELD HD DRY SCREEN PROTECTOR FOR SAMSUNG GALAXY S7 EDGE","Brand New","Insurance Grade","Not Applicable","Clear","Not Applicable",216
"ZAGG","INVISIBLE SHIELD HD DRY SCREEN PROTECTOR FOR SAMSUNG GALAXY S7 EDGE","Brand New","Insurance Grade","Not Applicable","Clear","Not Applicable",217
"ZAGG","INVISIBLE SHIELD HD DRY SCREEN PROTECTOR FOR SAMSUNG GALAXY S7 EDGE","Brand New","Insurance Grade","Not Applicable","Clear","Not Applicable",218
"ZAGG","INVISIBLE SHIELD HD DRY SCREEN PROTECTOR FOR SAMSUNG GALAXY S7 EDGE","Brand New","Insurance Grade","Not Applicable","Clear","Not Applicable",219
"ZAGG","INVISIBLE SHIELD HD DRY SCREEN PROTECTOR FOR SAMSUNG GALAXY S7 EDGE","Brand New","Insurance Grade","Not Applicable","Clear","Not Applicable",220
"ZAGG","INVISIBLE SHIELD HD DRY SCREEN PROTECTOR FOR SAMSUNG GALAXY S7 EDGE","Brand New","Insurance Grade","Not Applicable","Clear","Not Applicable",221
"ZAGG","INVISIBLE SHIELD HD DRY SCREEN PROTECTOR FOR SAMSUNG GALAXY S7 EDGE","Brand New","Insurance Grade","Not Applicable","Clear","Not Applicable",222
"ZAGG","INVISIBLE SHIELD HD DRY SCREEN PROTECTOR FOR SAMSUNG GALAXY S7 EDGE","Brand New","Insurance Grade","Not Applicable","Clear","Not Applicable",223
"ZAGG","INVISIBLE SHIELD HD DRY SCREEN PROTECTOR FOR SAMSUNG GALAXY S7 EDGE","Brand New","Insurance Grade","Not Applicable","Clear","Not Applicable",224
"ZAGG","INVISIBLE SHIELD HD DRY SCREEN PROTECTOR FOR SAMSUNG GALAXY S7 EDGE","Brand New","Insurance Grade","Not Applicable","Clear","Not Applicable",225
"ZAGG","INVISIBLE SHIELD HD DRY SCREEN PROTECTOR FOR SAMSUNG GALAXY S7 EDGE","Brand New","Insurance Grade","Not Applicable","Clear","Not Applicable",226
"ZAGG","INVISIBLE SHIELD HD DRY SCREEN PROTECTOR FOR SAMSUNG GALAXY S7 EDGE","Brand New","Insurance Grade","Not Applicable","Clear","Not Applicable",227
"ZAGG","INVISIBLE SHIELD HD DRY SCREEN PROTECTOR FOR SAMSUNG GALAXY S7 EDGE","Brand New","Insurance Grade","Not Applicable","Clear","Not Applicable",228
"ZAGG","INVISIBLE SHIELD HD DRY SCREEN PROTECTOR FOR SAMSUNG GALAXY S7 EDGE","Brand New","Insurance Grade","Not Applicable","Clear","Not Applicable",229
"ZAGG","INVISIBLE SHIELD HD DRY SCREEN PROTECTOR FOR SAMSUNG GALAXY S7 EDGE","Brand New","Insurance Grade","Not Applicable","Clear","Not Applicable",230
"ZAGG","INVISIBLE SHIELD HD DRY SCREEN PROTECTOR FOR SAMSUNG GALAXY S7 EDGE","Brand New","Insurance Grade","Not Applicable","Clear","Not Applicable",231
"ZAGG","INVISIBLE SHIELD HD DRY SCREEN PROTECTOR FOR SAMSUNG GALAXY S7 EDGE","Brand New","Insurance Grade","Not Applicable","Clear","Not Applicable",232
"ZAGG","INVISIBLE SHIELD HD DRY SCREEN PROTECTOR FOR SAMSUNG GALAXY S7 EDGE","Brand New","Insurance Grade","Not Applicable","Clear","Not Applicable",233
"ZAGG","INVISIBLE SHIELD HD DRY SCREEN PROTECTOR FOR SAMSUNG GALAXY S7 EDGE","Working","Insurance Grade","Not Applicable","Clear","Not Applicable",234
"ZAGG","INVISIBLE SHIELD HD DRY SCREEN PROTECTOR FOR SAMSUNG GALAXY S7 EDGE","Brand New","Brand New","Not Applicable","Clear","Not Applicable",235
"ZAGG","INVISIBLE SHIELD HD DRY SCREEN PROTECTOR FOR SAMSUNG GALAXY S7 EDGE","Brand New","Insurance Grade","Not Applicable","Clear","Not Applicable",236
"ZAGG","INVISIBLE SHIELD HD DRY SCREEN PROTECTOR FOR SAMSUNG GALAXY S7 EDGE","Brand New","Insurance Grade","Not Applicable","Clear","Not Applicable",237
"ZAGG","INVISIBLE SHIELD HD DRY SCREEN PROTECTOR FOR SAMSUNG GALAXY S7 EDGE","Working","Insurance Grade","Not Applicable","Clear","Not Applicable",238
"ZAGG","INVISIBLE SHIELD HD DRY SCREEN PROTECTOR FOR SAMSUNG GALAXY S7 EDGE","Brand New","Brand New","Not Applicable","Clear","Not Applicable",239
"ZAGG","INVISIBLE SHIELD SCREEN PROTECTOR FOR SAMSUNG GALAXY S6 EDGE","Brand New","Brand New","Not Applicable","Clear","Not Applicable",240
"ZAGG","INVISIBLE SHIELD SCREEN PROTECTOR FOR SAMSUNG GALAXY S6 EDGE","Brand New","Brand New","Not Applicable","Clear","Not Applicable",241
"ZAGG","INVISIBLE SHIELD SCREEN PROTECTOR FOR SAMSUNG GALAXY S6 EDGE","Brand New","Brand New","Not Applicable","Clear","Not Applicable",242
"ZAGG","INVISIBLE SHIELD SCREEN PROTECTOR FOR SAMSUNG GALAXY S6 EDGE","Brand New","Brand New","Not Applicable","Clear","Not Applicable",243
"ZAGG","INVISIBLE SHIELD SCREEN PROTECTOR FOR SAMSUNG GALAXY S6 EDGE","Working","Insurance Grade","Not Applicable","Clear","Not Applicable",244
"ZAGG","INVISIBLE SHIELD SCREEN PROTECTOR FOR SAMSUNG GALAXY S6 EDGE","Working","Insurance Grade","Not Applicable","Clear","Not Applicable",245
"ZAGG","INVISIBLE SHIELD SCREEN PROTECTOR FOR SAMSUNG GALAXY S6 EDGE","Working","Grade A - Very Good Condition","Not Applicable","Clear","Not Applicable",246
"ZAGG","INVISIBLE SHIELD SCREEN PROTECTOR FOR SAMSUNG GALAXY S6 EDGE","Working","Grade A - Very Good Condition","Not Applicable","Clear","Not Applicable",247
"ZAGG","INVISIBLE SHIELD SCREEN PROTECTOR FOR SAMSUNG GALAXY S6 EDGE","Working","Grade A - Very Good Condition","Not Applicable","Clear","Not Applicable",248
"ZAGG","INVISIBLE SHIELD SCREEN PROTECTOR FOR SAMSUNG GALAXY S6 EDGE","Working","Grade A - Very Good Condition","Not Applicable","Clear","Not Applicable",249
"ZAGG","INVISIBLE SHIELD SCREEN PROTECTOR FOR SAMSUNG GALAXY S6 EDGE","Working","Grade A - Very Good Condition","Not Applicable","Clear","Not Applicable",250
"ZAGG","INVISIBLE SHIELD SCREEN PROTECTOR FOR SAMSUNG GALAXY S6 EDGE","Brand New","Insurance Grade","Not Applicable","Clear","Not Applicable",251
"ZAGG","INVISIBLE SHIELD SCREEN PROTECTOR FOR SAMSUNG GALAXY S6 EDGE","Brand New","Insurance Grade","Not Applicable","Clear","Not Applicable",252
"ZAGG","INVISIBLE SHIELD SCREEN PROTECTOR FOR SAMSUNG GALAXY S6 EDGE","Brand New","Insurance Grade","Not Applicable","Clear","Not Applicable",253
"ZAGG","INVISIBLE SHIELD SCREEN PROTECTOR FOR SAMSUNG GALAXY S6 EDGE","Brand New","Insurance Grade","Not Applicable","Clear","Not Applicable",254
"ZAGG","INVISIBLE SHIELD SCREEN PROTECTOR FOR SAMSUNG GALAXY S6 EDGE","Brand New","Insurance Grade","Not Applicable","Clear","Not Applicable",255
"ZAGG","INVISIBLE SHIELD SCREEN PROTECTOR FOR SAMSUNG GALAXY S6 EDGE","Brand New","Insurance Grade","Not Applicable","Clear","Not Applicable",256
"ZAGG","INVISIBLE SHIELD SCREEN PROTECTOR FOR SAMSUNG GALAXY S6 EDGE","Brand New","Insurance Grade","Not Applicable","Clear","Not Applicable",257
"ZAGG","INVISIBLE SHIELD SCREEN PROTECTOR FOR SAMSUNG GALAXY S6 EDGE","Brand New","Insurance Grade","Not Applicable","Clear","Not Applicable",258
"ZAGG","INVISIBLE SHIELD SCREEN PROTECTOR FOR SAMSUNG GALAXY S6 EDGE","Brand New","Insurance Grade","Not Applicable","Clear","Not Applicable",259
"ZAGG","INVISIBLE SHIELD SCREEN PROTECTOR FOR SAMSUNG GALAXY S6 EDGE","Brand New","Insurance Grade","Not Applicable","Clear","Not Applicable",260
"ZAGG","INVISIBLE SHIELD SCREEN PROTECTOR FOR SAMSUNG GALAXY S6 EDGE","Brand New","Insurance Grade","Not Applicable","Clear","Not Applicable",261
"ZAGG","INVISIBLE SHIELD SCREEN PROTECTOR FOR SAMSUNG GALAXY S6 EDGE","Brand New","Insurance Grade","Not Applicable","Clear","Not Applicable",262
"ZAGG","INVISIBLE SHIELD SCREEN PROTECTOR FOR SAMSUNG GALAXY S6 EDGE","Brand New","Insurance Grade","Not Applicable","Clear","Not Applicable",263
"ZAGG","INVISIBLE SHIELD SCREEN PROTECTOR FOR SAMSUNG GALAXY S6 EDGE","Brand New","Insurance Grade","Not Applicable","Clear","Not Applicable",264
"ZAGG","INVISIBLE SHIELD SCREEN PROTECTOR FOR SAMSUNG GALAXY S6 EDGE","Brand New","Insurance Grade","Not Applicable","Clear","Not Applicable",265
"ZAGG","INVISIBLE SHIELD SCREEN PROTECTOR FOR SAMSUNG GALAXY S6 EDGE","Brand New","Insurance Grade","Not Applicable","Clear","Not Applicable",266
"ZAGG","INVISIBLE SHIELD SCREEN PROTECTOR FOR SAMSUNG GALAXY S6 EDGE","Brand New","Insurance Grade","Not Applicable","Clear","Not Applicable",267
"ZAGG","INVISIBLE SHIELD SCREEN PROTECTOR FOR SAMSUNG GALAXY S6 EDGE","Brand New","Insurance Grade","Not Applicable","Clear","Not Applicable",268
"ZAGG","INVISIBLE SHIELD SCREEN PROTECTOR FOR SAMSUNG GALAXY S6 EDGE","Brand New","Insurance Grade","Not Applicable","Clear","Not Applicable",269
"ZAGG","INVISIBLE SHIELD SCREEN PROTECTOR FOR SAMSUNG GALAXY S6 EDGE","Brand New","Insurance Grade","Not Applicable","Clear","Not Applicable",270
"ZAGG","INVISIBLE SHIELD SCREEN PROTECTOR FOR SAMSUNG GALAXY S6 EDGE","Brand New","Insurance Grade","Not Applicable","Clear","Not Applicable",271
"ZAGG","INVISIBLE SHIELD SCREEN PROTECTOR FOR SAMSUNG GALAXY S6 EDGE","Brand New","Insurance Grade","Not Applicable","Clear","Not Applicable",272
"ZAGG","INVISIBLE SHIELD SCREEN PROTECTOR FOR SAMSUNG GALAXY S6 EDGE","Brand New","Insurance Grade","Not Applicable","Clear","Not Applicable",273
"ZAGG","INVISIBLE SHIELD SCREEN PROTECTOR FOR SAMSUNG GALAXY S6 EDGE","Brand New","Insurance Grade","Not Applicable","Clear","Not Applicable",274
"ZAGG","INVISIBLE SHIELD SCREEN PROTECTOR FOR SAMSUNG GALAXY S6 EDGE","Brand New","Insurance Grade","Not Applicable","Clear","Not Applicable",275
"ZAGG","INVISIBLE SHIELD SCREEN PROTECTOR FOR SAMSUNG GALAXY S6 EDGE","Brand New","Insurance Grade","Not Applicable","Clear","Not Applicable",276
"ZAGG","INVISIBLE SHIELD SCREEN PROTECTOR FOR SAMSUNG GALAXY S6 EDGE","Brand New","Insurance Grade","Not Applicable","Clear","Not Applicable",277
"ZAGG","INVISIBLE SHIELD SCREEN PROTECTOR FOR SAMSUNG GALAXY S6 EDGE","Brand New","Insurance Grade","Not Applicable","Clear","Not Applicable",278
"ZAGG","INVISIBLE SHIELD SCREEN PROTECTOR FOR SAMSUNG GALAXY S6 EDGE","Brand New","Insurance Grade","Not Applicable","Clear","Not Applicable",279
"ZAGG","INVISIBLE SHIELD SCREEN PROTECTOR FOR SAMSUNG GALAXY S6 EDGE","Brand New","Insurance Grade","Not Applicable","Clear","Not Applicable",280
"ZAGG","INVISIBLE SHIELD SCREEN PROTECTOR FOR SAMSUNG GALAXY S6 EDGE","Brand New","Insurance Grade","Not Applicable","Clear","Not Applicable",281
"ZAGG","INVISIBLE SHIELD SCREEN PROTECTOR FOR SAMSUNG GALAXY S6 EDGE","Brand New","Insurance Grade","Not Applicable","Clear","Not Applicable",282
"ZAGG","INVISIBLE SHIELD SCREEN PROTECTOR FOR SAMSUNG GALAXY S6 EDGE","Brand New","Insurance Grade","Not Applicable","Clear","Not Applicable",283
"ZAGG","INVISIBLE SHIELD SCREEN PROTECTOR FOR SAMSUNG GALAXY S6 EDGE","Brand New","Insurance Grade","Not Applicable","Clear","Not Applicable",284
"ZAGG","INVISIBLE SHIELD SCREEN PROTECTOR FOR SAMSUNG GALAXY S6 EDGE","Brand New","Insurance Grade","Not Applicable","Clear","Not Applicable",285
"ZAGG","INVISIBLE SHIELD SCREEN PROTECTOR FOR SAMSUNG GALAXY S6 EDGE","Brand New","Insurance Grade","Not Applicable","Clear","Not Applicable",286
"ZAGG","INVISIBLE SHIELD SCREEN PROTECTOR FOR SAMSUNG GALAXY S6 EDGE","Brand New","Insurance Grade","Not Applicable","Clear","Not Applicable",287
"ZAGG","INVISIBLE SHIELD SCREEN PROTECTOR FOR SAMSUNG GALAXY S6 EDGE","Brand New","Insurance Grade","Not Applicable","Clear","Not Applicable",288
"ZAGG","INVISIBLE SHIELD SCREEN PROTECTOR FOR SAMSUNG GALAXY S6 EDGE","Brand New","Insurance Grade","Not Applicable","Clear","Not Applicable",289
"ZAGG","INVISIBLE SHIELD SCREEN PROTECTOR FOR SAMSUNG GALAXY S6 EDGE","Working","Insurance Grade","Not Applicable","Clear","Not Applicable",290
"ZAGG","INVISIBLE SHIELD SCREEN PROTECTOR FOR SAMSUNG GALAXY S6 EDGE","Brand New","Brand New","Not Applicable","Clear","Not Applicable",291
"ZAGG","INVISIBLE SHIELD SCREEN PROTECTOR FOR SAMSUNG GALAXY S6 EDGE","Working","Insurance Grade","Not Applicable","Clear","Not Applicable",292
"ZAGG","INVISIBLE SHIELD SCREEN PROTECTOR FOR SAMSUNG GALAXY S6 EDGE","Working","Insurance Grade","Not Applicable","Clear","Not Applicable",293
"ZAGG","INVISIBLE SHIELD SCREEN PROTECTOR FOR SAMSUNG GALAXY S6 EDGE","Working","Insurance Grade","Not Applicable","Clear","Not Applicable",294
"ZAGG","INVISIBLE SHIELD SCREEN PROTECTOR FOR SAMSUNG GALAXY S6 EDGE","Brand New","Brand New","Not Applicable","Clear","Not Applicable",295
"ZAGG","INVISIBLE SHIELD SCREEN PROTECTOR FOR SAMSUNG GALAXY S6 EDGE","Brand New","Brand New","Not Applicable","Clear","Not Applicable",296
"ZAGG","INVISIBLE SHIELD SCREEN PROTECTOR FOR SAMSUNG GALAXY S6 EDGE","Brand New","Brand New","Not Applicable","Clear","Not Applicable",297
"ZAGG","INVISIBLE SHIELD SCREEN PROTECTOR FOR SAMSUNG GALAXY S6 EDGE","Working","Insurance Grade","Not Applicable","Clear","Not Applicable",298
"ZAGG","INVISIBLE SHIELD SCREEN PROTECTOR FOR SAMSUNG GALAXY S6 EDGE","Working","Insurance Grade","Not Applicable","Clear","Not Applicable",299
"ZAGG","INVISIBLE SHIELD SCREEN PROTECTOR FOR SAMSUNG GALAXY S6 EDGE","Working","Insurance Grade","Not Applicable","Clear","Not Applicable",300
"ZAGG","INVISIBLE SHIELD SCREEN PROTECTOR FOR SAMSUNG GALAXY S6 EDGE","Working","Insurance Grade","Not Applicable","Clear","Not Applicable",301
"ZAGG","INVISIBLE SHIELD SCREEN PROTECTOR FOR SAMSUNG GALAXY S6 EDGE","Working","Insurance Grade","Not Applicable","Clear","Not Applicable",302
"ZAGG","INVISIBLE SHIELD SCREEN PROTECTOR FOR SAMSUNG GALAXY S6 EDGE","Working","Insurance Grade","Not Applicable","Clear","Not Applicable",303
"ZAGG","INVISIBLE SHIELD SCREEN PROTECTOR FOR SAMSUNG GALAXY S6 EDGE PLUS","Brand New","Insurance Grade","Not Applicable","Clear","Not Applicable",304
"ZAGG","INVISIBLE SHIELD SCREEN PROTECTOR FOR SAMSUNG GALAXY S6 EDGE PLUS","Working","Insurance Grade","Not Applicable","Clear","Not Applicable",305
"ZAGG","INVISIBLE SHIELD SCREEN PROTECTOR FOR SAMSUNG GALAXY S6 EDGE PLUS","Working","Insurance Grade","Not Applicable","Clear","Not Applicable",306
"ZAGG","INVISIBLE SHIELD SCREEN PROTECTOR FOR SAMSUNG GALAXY S6 EDGE PLUS","Working","Insurance Grade","Not Applicable","Clear","Not Applicable",307
"ZAGG","INVISIBLE SHIELD SCREEN PROTECTOR FOR SAMSUNG GALAXY S6 EDGE PLUS","Working","Insurance Grade","Not Applicable","Clear","Not Applicable",308
"ZAGG","INVISIBLE SHIELD SCREEN PROTECTOR FOR SAMSUNG GALAXY S6 EDGE PLUS","Working","Insurance Grade","Not Applicable","Clear","Not Applicable",309
"ZAGG","INVISIBLE SHIELD SCREEN PROTECTOR FOR SAMSUNG GALAXY S6 EDGE PLUS","Working","Insurance Grade","Not Applicable","Clear","Not Applicable",310
"ZAGG","INVISIBLE SHIELD SCREEN PROTECTOR FOR SAMSUNG GALAXY S6 EDGE PLUS","Working","Insurance Grade","Not Applicable","Clear","Not Applicable",311
"ZAGG","INVISIBLE SHIELD SCREEN PROTECTOR FOR SAMSUNG GALAXY S6 EDGE PLUS","Brand New","Brand New","Not Applicable","Clear","Not Applicable",312
"ZAGG","INVISIBLE SHIELD SCREEN PROTECTOR FOR SAMSUNG GALAXY S6 EDGE PLUS","Brand New","Insurance Grade","Not Applicable","Clear","Not Applicable",313
"ZAGG","INVISIBLE SHIELD SCREEN PROTECTOR FOR SAMSUNG GALAXY S6 EDGE PLUS","Brand New","Insurance Grade","Not Applicable","Clear","Not Applicable",314
"ZAGG","INVISIBLE SHIELD SCREEN PROTECTOR FOR SAMSUNG GALAXY S6 EDGE PLUS","Brand New","Insurance Grade","Not Applicable","Clear","Not Applicable",315
"ZAGG","INVISIBLE SHIELD SCREEN PROTECTOR FOR SAMSUNG GALAXY S6 EDGE PLUS","Brand New","Insurance Grade","Not Applicable","Clear","Not Applicable",316
"ZAGG","INVISIBLE SHIELD SCREEN PROTECTOR FOR SAMSUNG GALAXY S6 EDGE PLUS","Working","Grade A - Very Good Condition","Not Applicable","Clear","Not Applicable",317
"ZAGG","INVISIBLE SHIELD SCREEN PROTECTOR FOR SAMSUNG GALAXY S6 EDGE PLUS","Brand New","Brand New","Not Applicable","Clear","Not Applicable",318
"ZAGG","INVISIBLE SHIELD SCREEN PROTECTOR FOR SAMSUNG GALAXY S6 EDGE PLUS","Brand New","Brand New","Not Applicable","Clear","Not Applicable",319
"ZAGG","INVISIBLE SHIELD SCREEN PROTECTOR FOR SAMSUNG GALAXY S6 EDGE PLUS","Brand New","Brand New","Not Applicable","Clear","Not Applicable",320
"ZAGG","INVISIBLE SHIELD SCREEN PROTECTOR FOR SAMSUNG GALAXY S6 EDGE PLUS","Working","Insurance Grade","Not Applicable","Clear","Not Applicable",321
"ZAGG","INVISIBLE SHIELD SCREEN PROTECTOR FOR SAMSUNG GALAXY S6 EDGE PLUS","Working","Insurance Grade","Not Applicable","Clear","Not Applicable",322
"ZAGG","INVISIBLE SHIELD SCREEN PROTECTOR FOR SAMSUNG GALAXY S6 EDGE PLUS","Working","Insurance Grade","Not Applicable","Clear","Not Applicable",323
"ZAGG","INVISIBLE SHIELD SCREEN PROTECTOR FOR SAMSUNG GALAXY S6 EDGE PLUS","Working","Insurance Grade","Not Applicable","Clear","Not Applicable",324
"ZAGG","INVISIBLE SHIELD SCREEN PROTECTOR FOR SAMSUNG GALAXY S6 EDGE PLUS","Working","Insurance Grade","Not Applicable","Clear","Not Applicable",325
"ZAGG","INVISIBLE SHIELD SCREEN PROTECTOR FOR SAMSUNG GALAXY S6 EDGE PLUS","Working","Insurance Grade","Not Applicable","Clear","Not Applicable",326
"ZAGG","INVISIBLE SHIELD SCREEN PROTECTOR FOR SAMSUNG GALAXY S7 EDGE","Working","Grade A - Very Good Condition","Not Applicable","Clear","Not Applicable",327
"ZAGG","INVISIBLE SHIELD SCREEN PROTECTOR FOR SAMSUNG GALAXY S7 EDGE","Working","Grade A - Very Good Condition","Not Applicable","Clear","Not Applicable",328
"ZAGG","INVISIBLE SHIELD SCREEN PROTECTOR FOR SAMSUNG GALAXY S7 EDGE","Working","Insurance Grade","Not Applicable","Clear","Not Applicable",329
"ZAGG","INVISIBLE SHIELD SCREEN PROTECTOR FOR SAMSUNG GALAXY S7 EDGE","Working","Insurance Grade","Not Applicable","Clear","Not Applicable",330
"ZAGG","INVISIBLE SHIELD SCREEN PROTECTOR FOR SAMSUNG GALAXY S7 EDGE","Working","Insurance Grade","Not Applicable","Clear","Not Applicable",331
"ZAGG","LITTLE ROCKERZ COSTUME LION","Brand New","Brand New","Not Applicable","Orange","Not Applicable",332
"ZAGG","LITTLE ROCKERZ COSTUME LION","Brand New","Brand New","Not Applicable","Orange","Not Applicable",333
"ZAGG","LITTLE ROCKERZ COSTUME LION","Brand New","Brand New","Not Applicable","Orange","Not Applicable",334
"ZAGG","LITTLE ROCKERZ COSTUME LION","Brand New","Insurance Grade","Not Applicable","Orange","Not Applicable",335
"ZAGG","LITTLE ROCKERZ COSTUME LION","Brand New","Insurance Grade","Not Applicable","Orange","Not Applicable",336
"ZAGG","LITTLE ROCKERZ COSTUME LION","Brand New","Insurance Grade","Not Applicable","Orange","Not Applicable",337
"ZAGG","LITTLE ROCKERZ COSTUME LION","Brand New","Insurance Grade","Not Applicable","Orange","Not Applicable",338
"ZAGG","LITTLE ROCKERZ COSTUME LION","Working","Grade A - Very Good Condition","Not Applicable","Orange","Not Applicable",339
"ZAGG","LITTLE ROCKERZ COSTUME LION","Working","Insurance Grade","Not Applicable","Orange","Not Applicable",340
